file, opt
e01.stp, 111
e02.stp, 214
e03.stp, 4013
e04.stp, 5101
e05.stp, 8128
e06.stp, 73
e07.stp, 145
e08.stp, 2640
e09.stp, 3604
e10.stp, 5600
e11.stp, 34
e12.stp, 67
e13.stp, 1280
e14.stp, 1732
e15.stp, 2784
e16.stp, 15
e17.stp, 25
e18.stp, 564
e19.stp, 758
e20.stp, 1342
